t_s,y0,y1,y2,y3,y4,y5,y6,y7,y8,y9,y10,y11,y12,y13,y14,y15,y16,y17,y18,y19,y20,y21,y22,y23,y24,y25,y26,y27,y28,y29,y30,y31,y32,y33,y34,y35,y36,y37,y38,y39,y40,y41,y42,y43,y44,y45,y46,y47,y48,y49,y50,y51,y52,y53,y54,y55,y56,y57,y58,y59,y60,y61,y62,y63,y64,y65,y66,y67,y68,y69,y70,y71,y72,y73,y74,y75,y76,y77,y78,y79,y80,y81,y82,y83,y84,y85,y86,y87,y88,y89,y90,y91,y92,y93,y94,y95,y96,y97,y98,y99,y100,y101,y102,y103,y104,y105,y106,y107,y108,y109,y110,y111,y112,y113,y114,y115,y116,y117,y118,y119,y120,y121,y122,y123,y124,y125,y126,y127,y128,y129,y130,y131,y132,y133,y134,y135,y136,y137,y138,y139,y140,y141,y142,y143,y144,y145,y146,y147,y148,y149,y150,y151,y152,y153,y154,y155,y156,y157,y158,y159,y160,y161,y162,y163,y164,y165,y166,y167,y168,y169,y170,y171,y172,y173,y174,y175,y176,y177,y178,y179,y180,y181,y182,y183,y184,y185,y186,y187,y188,y189,y190,y191,y192,y193,y194,y195,y196,y197,y198,y199,y200,y201,y202,y203,y204,y205,y206,y207,y208,y209,y210,y211,y212,y213,y214,y215,y216,y217,y218,y219,y220,y221,y222,y223,y224,y225,y226,y227,y228,y229,y230,y231,y232,y233,y234,y235,y236,y237,y238,y239,y240,y241,y242,y243,y244,y245,y246,y247,y248,y249,y250,y251,y252,y253,y254,y255,y256,y257,y258,y259,y260,y261,y262,y263,y264,y265,y266,y267,y268,y269,y270,y271,y272,y273,y274,y275,y276,y277,y278,y279,y280,y281,y282,y283,y284,y285,y286,y287
380.031,509.630,509.030,507.730,506.830,505.810,504.910,504.410,503.530,501.830,500.390,499.430,498.930,497.950,497.390,495.850,493.950,494.130,493.170,492.110,490.990,490.050,488.770,488.590,487.190,486.390,485.130,484.930,483.830,482.150,481.050,480.030,479.830,479.290,477.650,475.750,471.850,468.130,467.144,466.157,465.171,464.185,463.198,462.212,461.226,460.239,459.253,458.267,457.281,456.294,455.308,454.322,453.335,452.349,451.363,450.376,449.390,448.404,447.417,446.431,445.445,444.458,443.472,442.486,441.499,440.513,439.527,438.541,437.554,436.568,435.582,434.595,433.609,432.623,431.636,430.650,430.350,429.130,428.050,427.230,426.550,425.950,425.750,426.190,425.650,424.150,423.910,421.470,420.950,419.330,418.910,416.350,416.450,414.450,413.690,412.350,411.450,409.330,408.550,407.550,406.290,405.230,403.650,402.030,401.150,400.050,399.230,398.450,397.050,396.330,395.330,394.910,394.050,393.450,392.650,391.610,391.050,390.510,389.230,389.430,388.750,388.130,387.550,386.650,386.270,385.290,385.150,384.030,384.330,382.130,383.450,382.230,381.830,381.550,381.050,379.850,380.110,379.450,378.471,377.491,376.512,375.532,374.553,373.573,372.594,371.614,370.635,369.655,368.676,367.696,366.717,365.737,364.758,363.778,362.799,361.819,360.840,359.861,358.881,357.902,356.922,355.943,354.963,353.984,353.004,352.025,351.045,350.066,349.086,348.107,347.127,346.148,345.168,344.189,343.209,342.230,342.790,342.750,340.930,340.430,339.250,338.070,337.310,335.350,334.910,334.370,332.030,331.350,330.650,329.730,328.330,327.950,326.390,325.610,324.650,323.630,322.510,320.830,320.650,320.430,319.230,317.630,317.250,316.810,314.750,314.950,314.130,313.230,312.930,312.070,311.030,310.930,310.430,308.750,309.450,309.010,308.150,307.830,306.910,306.450,305.430,305.570,305.810,304.790,305.850,305.310,304.250,304.210,304.130,302.750,300.650,300.110,299.830,299.530,298.890,297.830,296.590,296.390,296.930,295.310,295.870,296.150,296.010,296.730,296.850,298.470,296.530,298.510,298.530,299.930,300.630,299.810,299.590,298.030,296.210,295.690,296.590,294.930,292.390,292.510,291.830,290.970,288.630,286.290,284.470,284.090,283.890,282.050,281.270,281.050,281.350,280.950,280.950,280.950,280.950,280.950,280.950,280.950,280.950,281.050,281.110,280.950,280.950,280.950,280.950,280.950,280.950,280.950,280.950
392.017,566.000,564.750,564.600,563.450,562.350,560.650,560.400,560.200,559.550,558.450,557.800,557.100,556.150,554.650,554.100,553.300,552.200,551.450,550.250,549.900,549.200,546.750,546.550,545.750,545.150,543.750,543.000,542.100,541.350,540.750,539.950,539.550,538.550,537.000,534.800,531.250,529.300,528.100,526.400,525.622,524.845,524.067,523.289,522.512,521.734,520.957,520.179,519.401,518.624,517.846,517.068,516.291,515.513,514.736,513.958,513.180,512.403,511.625,510.847,510.070,509.292,508.514,507.737,506.959,506.182,505.404,504.626,503.849,503.071,502.293,501.516,500.738,499.961,499.183,498.405,497.628,496.850,496.850,496.250,496.100,497.100,495.950,495.050,495.600,494.450,492.900,492.850,491.550,490.050,489.350,488.550,487.100,485.750,484.250,483.000,482.500,480.200,479.100,478.200,476.650,475.350,474.100,472.600,471.550,469.700,468.350,467.250,466.300,465.450,464.000,463.550,462.400,460.650,460.300,459.450,458.150,457.550,456.950,456.250,456.050,455.400,454.550,454.300,453.250,452.750,452.200,451.750,451.500,450.750,451.200,449.800,449.900,449.100,448.550,448.850,448.000,447.200,446.750,445.600,444.850,442.250,436.500,435.736,434.971,434.207,433.442,432.678,431.913,431.149,430.384,429.620,428.855,428.091,427.326,426.562,425.797,425.033,424.268,423.504,422.739,421.975,421.211,420.446,419.682,418.917,418.153,417.388,416.624,415.859,415.095,414.330,413.566,412.801,412.037,411.272,410.508,409.743,408.979,408.214,407.450,406.250,405.150,403.650,402.350,401.050,399.100,398.050,395.900,394.200,393.500,392.250,390.600,388.300,386.950,386.550,385.300,382.800,381.800,380.750,379.100,377.350,376.050,374.750,373.400,372.250,370.150,368.850,367.500,366.400,365.900,364.300,362.900,361.450,360.800,359.100,358.300,357.300,355.250,354.750,352.800,352.650,350.400,351.000,348.650,348.050,348.100,347.200,345.550,345.150,343.450,342.700,341.800,340.300,339.600,338.850,337.100,337.050,336.300,334.750,333.650,333.700,332.900,334.250,333.950,333.950,335.100,333.500,333.100,332.600,332.550,332.450,329.900,329.650,326.400,325.950,324.800,322.450,321.600,321.400,319.900,317.300,316.200,311.750,312.250,311.100,309.300,307.100,305.250,305.100,304.350,304.250,303.650,302.500,302.650,302.100,302.250,302.500,302.850,303.050,303.950,303.700,301.050,299.200,295.200,293.250,292.850,293.250,291.650
404.047,609.190,608.970,608.290,607.370,607.250,606.750,606.010,605.190,604.550,604.450,603.390,603.050,601.670,601.250,600.970,600.190,599.070,599.190,597.290,597.190,596.170,595.590,594.750,594.650,593.390,593.590,592.550,592.090,590.870,589.990,589.030,589.190,588.570,587.250,584.890,582.850,581.650,580.790,580.055,579.319,578.584,577.849,577.114,576.378,575.643,574.908,574.173,573.437,572.702,571.967,571.232,570.496,569.761,569.026,568.291,567.555,566.820,566.085,565.349,564.614,563.879,563.144,562.408,561.673,560.938,560.203,559.467,558.732,557.997,557.262,556.526,555.791,555.056,554.321,553.585,552.850,552.690,553.030,552.910,553.070,552.930,553.450,551.790,551.650,551.210,549.050,547.930,547.010,547.610,545.070,545.550,543.350,542.650,541.370,540.770,538.530,536.870,535.750,535.230,533.530,531.890,531.290,530.350,528.290,527.550,526.350,525.450,524.290,523.390,522.350,521.190,519.950,519.250,519.350,518.650,517.090,517.030,516.290,515.950,514.670,513.950,513.750,513.790,512.550,511.790,511.490,511.050,510.390,509.490,509.170,508.690,508.390,507.590,507.290,506.350,505.650,505.490,504.750,503.751,502.752,501.753,500.754,499.755,498.756,497.757,496.758,495.759,494.761,493.762,492.763,491.764,490.765,489.766,488.767,487.768,486.769,485.770,484.771,483.772,482.773,481.774,480.775,479.776,478.777,477.778,476.779,475.781,474.782,473.783,472.784,471.785,470.786,469.787,468.788,467.789,466.790,465.830,464.710,463.450,461.390,459.410,458.590,457.170,455.190,453.870,453.070,450.490,450.090,447.590,446.450,444.490,442.630,441.850,439.790,437.850,436.430,436.070,433.750,432.330,430.390,429.450,428.290,425.690,423.830,423.390,421.550,420.170,417.690,416.970,415.050,413.490,411.510,410.890,409.030,407.550,405.810,403.850,403.050,401.690,399.550,398.450,397.130,395.930,394.790,392.650,392.230,391.290,388.790,387.290,386.230,384.850,383.750,382.550,381.210,379.650,378.490,376.670,375.390,373.190,372.290,371.010,370.790,370.650,370.370,371.290,369.450,369.890,369.490,368.550,367.810,365.410,362.230,360.910,358.550,357.410,355.150,354.530,351.770,351.090,350.050,347.350,344.630,341.490,341.770,339.330,336.430,333.530,332.150,331.230,330.370,327.650,326.870,326.270,325.890,324.630,324.610,325.790,326.690,327.050,327.390,326.570,325.410,320.550,318.430,317.750,316.590,315.130,314.890
416.032,650.260,649.370,648.860,649.370,648.460,647.650,647.460,646.490,647.050,645.470,645.350,644.860,643.460,643.970,643.560,642.590,642.160,641.450,640.660,640.670,640.060,639.550,639.450,638.660,637.260,637.360,636.050,635.150,635.250,634.360,633.450,633.160,632.950,630.860,630.250,628.850,628.060,627.465,626.871,626.276,625.681,625.086,624.492,623.897,623.302,622.707,622.113,621.518,620.923,620.328,619.734,619.139,618.544,617.949,617.355,616.760,616.165,615.571,614.976,614.381,613.786,613.192,612.597,612.002,611.407,610.813,610.218,609.623,609.028,608.434,607.839,607.244,606.649,606.055,605.460,605.450,603.980,604.260,604.350,604.650,604.560,604.650,603.860,603.550,603.160,601.860,600.490,600.850,598.660,598.250,597.060,595.860,595.050,593.470,592.450,591.860,591.070,589.350,587.760,587.550,585.460,584.970,582.950,582.360,581.290,579.560,578.570,577.760,576.950,575.950,574.660,573.570,572.550,572.650,571.650,570.260,570.150,570.050,568.350,568.260,567.160,565.860,566.160,566.050,564.670,564.550,563.360,563.270,562.470,562.450,561.160,560.480,559.780,559.750,559.260,558.050,557.350,557.550,556.070,555.009,553.949,552.888,551.828,550.767,549.707,548.646,547.586,546.525,545.465,544.404,543.344,542.283,541.223,540.162,539.102,538.041,536.981,535.920,534.859,533.799,532.738,531.678,530.617,529.557,528.496,527.436,526.375,525.315,524.254,523.194,522.133,521.073,520.012,518.952,517.891,516.831,515.770,514.960,512.860,511.050,509.680,509.050,506.600,505.090,504.250,501.360,499.880,498.770,497.020,494.950,493.380,491.850,490.280,487.880,485.350,484.410,482.450,480.990,479.460,476.880,475.750,473.650,472.170,469.860,468.250,466.050,464.220,463.260,461.260,458.570,457.050,455.250,453.460,450.990,449.560,447.570,445.870,444.460,442.760,441.050,439.870,437.650,436.460,434.850,432.860,431.170,430.350,428.570,427.350,425.860,424.460,422.290,420.960,419.270,418.180,416.370,413.870,412.770,410.750,409.560,407.860,407.020,406.750,406.520,405.590,404.980,402.310,402.240,402.330,401.230,397.790,394.570,394.810,392.720,390.880,388.100,385.600,383.960,383.360,379.510,377.350,372.160,371.960,370.200,366.300,363.980,359.070,359.470,357.660,354.870,353.960,353.070,351.940,350.730,350.160,349.860,352.560,351.910,351.870,350.180,351.650,348.950,345.000,343.550,341.500,340.460,338.470,337.870
428.017,687.550,687.550,687.470,687.950,686.970,686.950,686.710,686.050,686.370,686.190,685.950,685.350,685.070,685.370,684.870,684.910,684.870,684.150,684.190,683.470,683.970,682.470,682.550,681.670,681.550,681.390,680.870,680.370,680.050,679.450,678.450,677.770,677.570,675.970,674.850,671.770,671.206,670.643,670.079,669.515,668.952,668.388,667.824,667.261,666.697,666.133,665.569,665.006,664.442,663.878,663.315,662.751,662.187,661.624,661.060,660.496,659.933,659.369,658.805,658.242,657.678,657.114,656.551,655.987,655.423,654.859,654.296,653.732,653.168,652.605,652.041,651.477,650.914,650.350,650.270,649.650,649.290,648.950,648.450,647.750,647.670,646.870,645.610,645.950,645.350,644.270,643.870,643.670,642.950,641.950,641.070,640.550,640.070,639.270,638.350,637.670,636.590,636.650,635.870,634.690,634.070,632.070,632.870,631.670,631.270,630.070,629.690,629.470,627.670,627.370,626.150,626.870,624.650,624.450,624.390,623.550,623.270,622.870,621.970,621.250,620.690,620.070,619.350,618.970,617.590,618.090,616.370,616.550,616.370,615.610,614.050,613.950,613.890,612.390,611.550,610.850,610.650,609.450,607.670,606.461,605.252,604.043,602.834,601.625,600.416,599.207,597.998,596.789,595.581,594.372,593.163,591.954,590.745,589.536,588.327,587.118,585.909,584.700,583.491,582.282,581.073,579.864,578.655,577.446,576.237,575.028,573.819,572.611,571.402,570.193,568.984,567.775,566.566,565.357,564.148,562.939,561.730,559.950,559.090,556.270,554.450,552.950,551.430,549.870,548.190,545.710,544.470,542.150,540.670,538.870,536.990,535.370,533.270,530.170,528.950,527.530,524.870,523.350,521.450,519.670,517.990,515.690,513.890,511.570,510.990,508.570,505.970,504.270,502.090,500.650,498.650,495.890,495.150,493.150,491.470,489.250,487.690,485.470,483.870,481.870,479.570,477.670,476.670,474.370,472.670,469.770,467.430,466.690,464.290,462.610,460.070,457.210,455.690,453.750,451.690,449.670,448.590,446.230,444.110,442.970,439.970,439.250,439.170,437.810,437.910,436.610,433.950,433.590,431.630,432.110,429.450,425.130,423.530,423.550,421.010,418.870,415.010,413.550,412.510,410.490,406.730,402.590,400.930,398.490,395.970,392.170,389.390,389.230,387.110,385.550,383.190,380.770,380.230,379.010,379.450,376.990,378.670,378.650,376.950,376.590,376.150,375.210,368.510,365.070,362.910,361.450,360.750,359.290
440.001,727.610,727.750,728.850,729.180,728.980,728.250,729.350,728.910,728.710,728.850,728.510,728.650,728.780,727.350,726.750,726.550,726.610,725.980,725.750,725.480,724.750,723.710,722.610,722.380,722.750,721.180,721.350,719.910,719.580,718.380,717.750,717.480,715.980,714.780,711.680,709.480,709.232,708.984,708.736,708.487,708.239,707.991,707.743,707.495,707.247,706.998,706.750,706.502,706.254,706.006,705.758,705.509,705.261,705.013,704.765,704.517,704.269,704.021,703.772,703.524,703.276,703.028,702.780,702.532,702.283,702.035,701.787,701.539,701.291,701.043,700.794,700.546,700.298,700.050,699.340,700.080,699.380,699.150,699.250,698.050,697.910,698.210,698.210,697.980,697.650,696.980,696.410,695.550,694.850,694.580,694.750,693.380,693.350,692.780,691.600,691.050,690.050,690.150,688.650,687.710,687.380,685.580,685.380,684.340,683.950,682.580,681.550,680.550,680.150,678.750,677.650,675.910,675.050,674.410,673.680,671.080,670.480,669.580,667.850,667.510,665.850,664.180,662.950,661.910,661.150,659.180,657.980,656.880,655.450,654.480,653.950,652.980,650.710,649.480,648.880,647.780,645.650,644.450,643.110,641.992,640.875,639.757,638.639,637.522,636.404,635.287,634.169,633.051,631.934,630.816,629.698,628.581,627.463,626.346,625.228,624.110,622.993,621.875,620.757,619.640,618.522,617.404,616.287,615.169,614.052,612.934,611.816,610.699,609.581,608.463,607.346,606.228,605.111,603.993,602.875,601.758,600.640,597.400,597.040,595.970,593.450,592.350,591.080,588.600,587.960,586.540,583.850,580.680,579.100,577.940,575.750,573.050,572.170,569.070,567.640,565.440,563.030,560.580,557.550,556.340,554.350,550.680,549.050,546.500,544.300,541.840,539.110,536.310,533.700,531.580,528.480,526.050,523.580,521.050,519.010,516.150,514.010,511.050,507.880,505.280,503.080,500.950,497.950,495.580,493.550,490.950,488.280,485.650,483.350,480.980,478.580,476.050,473.610,470.480,467.980,465.650,463.150,460.750,458.810,456.880,456.050,457.410,455.100,456.170,456.950,453.820,452.960,454.170,453.720,451.400,449.600,443.220,444.570,442.620,441.320,437.430,435.880,433.610,433.390,429.780,427.240,422.840,421.820,419.830,416.510,412.210,409.900,408.250,406.760,403.180,402.790,401.150,401.050,399.480,399.400,397.840,398.720,400.310,399.880,400.110,399.760,393.070,386.530,381.910,380.650,379.180,377.980,377.010
452.001,760.360,760.660,761.870,760.760,761.190,760.860,760.560,760.050,760.150,759.860,759.660,758.880,758.560,757.760,756.550,755.870,755.360,754.200,754.160,753.950,752.460,751.360,751.270,750.670,750.060,749.460,749.360,748.050,748.160,747.060,747.460,746.560,746.970,745.460,744.970,744.560,744.462,744.365,744.267,744.169,744.072,743.974,743.877,743.779,743.681,743.584,743.486,743.388,743.291,743.193,743.096,742.998,742.900,742.803,742.705,742.607,742.510,742.412,742.314,742.217,742.119,742.022,741.924,741.826,741.729,741.631,741.533,741.436,741.338,741.241,741.143,741.045,740.948,740.850,740.370,740.250,740.160,739.360,738.960,738.960,738.480,738.360,737.850,737.960,737.250,736.150,736.070,735.270,733.960,732.950,731.560,731.250,729.570,729.150,727.550,726.750,725.960,725.070,723.750,722.970,721.660,721.060,720.050,718.950,717.460,716.850,716.160,715.560,713.500,712.360,711.350,710.450,709.570,708.460,707.260,706.550,705.950,704.350,702.970,702.180,700.660,699.760,698.790,698.170,696.550,696.680,695.660,694.650,693.350,693.390,692.160,691.260,690.290,690.350,689.360,688.160,687.380,685.860,684.628,683.396,682.164,680.933,679.701,678.469,677.237,676.005,674.773,673.542,672.310,671.078,669.846,668.614,667.382,666.151,664.919,663.687,662.455,661.223,659.991,658.759,657.528,656.296,655.064,653.832,652.600,651.368,650.137,648.905,647.673,646.441,645.209,643.977,642.746,641.514,640.282,639.050,637.650,635.850,634.550,633.060,630.960,628.570,626.750,624.750,622.460,620.950,617.860,615.560,614.260,611.450,609.660,606.650,604.560,601.650,599.570,597.760,596.050,593.260,590.170,587.970,586.150,583.460,581.550,578.650,576.350,573.850,572.350,569.350,566.860,564.710,562.850,559.410,557.110,554.690,552.990,550.570,547.780,545.380,542.670,540.160,537.780,535.750,532.970,531.150,529.070,526.660,524.350,522.250,520.190,516.960,515.490,513.360,510.880,508.990,506.700,503.670,501.950,499.660,497.060,494.960,493.290,494.380,492.200,491.490,491.120,487.330,487.270,484.820,484.970,481.410,478.600,476.460,472.470,469.570,467.890,464.830,464.320,457.280,460.210,454.510,450.270,445.830,444.830,442.530,438.950,434.370,430.860,430.680,427.580,424.870,422.680,423.260,421.170,422.890,422.810,422.670,423.250,421.600,420.150,419.590,418.250,416.760,414.610,413.090,411.270,408.860,407.950,406.870
464.019,788.450,788.850,788.960,788.460,789.360,788.760,788.490,787.660,787.060,787.660,787.260,786.680,785.760,784.860,783.760,784.070,783.430,783.570,782.670,782.750,781.850,780.860,779.950,779.670,779.050,778.350,777.950,777.260,776.450,776.450,776.070,776.050,775.650,775.470,774.050,773.860,773.854,773.849,773.843,773.838,773.832,773.827,773.821,773.816,773.810,773.805,773.799,773.794,773.788,773.783,773.777,773.772,773.766,773.761,773.755,773.749,773.744,773.738,773.733,773.727,773.722,773.716,773.711,773.705,773.700,773.694,773.689,773.683,773.678,773.672,773.667,773.661,773.656,773.650,772.860,772.760,772.850,771.950,772.770,771.660,771.750,771.860,771.470,770.850,771.150,769.860,769.560,768.970,768.580,767.560,766.150,765.850,765.160,764.060,762.850,762.250,761.660,760.950,758.960,759.570,757.650,756.860,755.360,754.980,753.360,752.550,751.550,750.160,748.560,748.250,746.360,745.470,744.660,742.270,742.860,741.060,739.650,738.950,737.470,736.450,735.360,734.960,732.950,732.650,731.450,729.760,729.160,728.280,726.950,726.070,725.770,724.960,724.450,724.300,723.550,722.360,720.260,720.370,719.263,718.155,717.048,715.941,714.833,713.726,712.618,711.511,710.404,709.296,708.189,707.082,705.974,704.867,703.759,702.652,701.545,700.437,699.330,698.223,697.115,696.008,694.901,693.793,692.686,691.578,690.471,689.364,688.256,687.149,686.042,684.934,683.827,682.719,681.612,680.505,679.397,678.290,675.550,674.360,673.650,670.860,668.650,666.050,664.660,663.070,660.060,657.760,654.580,652.260,650.260,648.050,646.650,643.360,641.050,638.570,636.260,633.560,631.970,629.460,625.350,623.950,620.860,618.650,616.150,613.260,610.760,607.480,604.950,603.150,601.160,597.990,595.080,593.260,590.770,587.880,585.850,582.510,580.260,578.450,574.770,572.850,569.790,567.160,564.950,562.570,560.570,557.370,555.350,553.100,550.750,547.070,545.060,542.500,539.360,536.790,533.680,531.860,528.870,526.460,523.570,521.970,520.450,519.580,517.660,516.700,515.540,513.600,512.490,510.830,508.760,502.770,499.920,497.390,494.780,492.570,490.990,485.750,485.360,483.020,480.330,475.950,472.690,467.040,466.610,464.310,457.180,454.400,451.970,450.430,448.050,445.860,441.820,441.050,440.910,441.300,441.600,442.480,441.950,440.670,439.960,437.870,437.260,434.110,432.860,430.850,429.480,427.860,425.660,424.260
476.003,802.450,801.750,803.250,803.350,804.050,802.550,802.450,802.450,802.950,801.950,802.750,802.250,802.150,802.350,801.950,801.650,801.650,801.050,801.650,802.150,802.350,801.750,801.450,802.150,800.550,800.250,801.450,800.450,800.550,799.650,799.950,799.450,799.850,799.850,798.850,798.550,798.587,798.624,798.661,798.697,798.734,798.771,798.808,798.845,798.882,798.918,798.955,798.992,799.029,799.066,799.103,799.139,799.176,799.213,799.250,799.287,799.324,799.361,799.397,799.434,799.471,799.508,799.545,799.582,799.618,799.655,799.692,799.729,799.766,799.803,799.839,799.876,799.913,799.950,799.350,800.650,799.550,800.550,799.750,799.950,799.350,799.250,798.150,798.050,797.850,796.950,795.250,795.050,794.550,792.850,792.350,791.650,791.050,790.850,788.250,787.650,786.550,786.150,785.150,783.950,782.350,781.950,780.150,780.150,777.750,777.050,776.050,775.050,773.650,773.250,771.850,771.050,769.750,769.250,767.950,767.050,766.550,765.650,764.350,763.950,764.150,764.350,763.050,762.450,761.550,760.150,759.350,759.050,758.150,757.350,757.150,755.950,755.350,754.550,753.750,751.650,750.750,749.650,746.050,744.903,743.755,742.608,741.461,740.313,739.166,738.018,736.871,735.724,734.576,733.429,732.282,731.134,729.987,728.839,727.692,726.545,725.397,724.250,723.103,721.955,720.808,719.661,718.513,717.366,716.218,715.071,713.924,712.776,711.629,710.482,709.334,708.187,707.039,705.892,704.745,703.597,702.450,701.650,700.250,699.250,696.150,693.250,691.850,690.250,688.850,685.350,683.450,681.950,680.050,677.150,675.350,672.350,670.450,668.150,665.650,662.550,661.850,659.050,654.550,652.250,650.550,647.650,645.750,644.250,641.850,639.850,637.150,633.550,632.850,628.650,626.650,624.550,622.750,619.350,615.950,614.650,611.950,610.250,606.950,605.150,603.450,598.950,597.550,596.150,592.750,591.850,590.050,585.950,583.250,581.150,579.550,577.150,574.550,571.150,569.750,566.950,565.750,564.050,560.650,559.250,556.650,555.050,553.450,549.750,546.750,543.150,539.750,538.150,534.050,528.450,525.950,523.450,521.450,517.850,514.750,510.150,507.450,506.950,502.350,498.450,494.050,493.350,487.050,483.250,477.750,474.550,473.250,470.850,468.150,466.450,464.750,464.750,465.450,465.650,464.850,464.050,466.250,469.150,467.450,466.650,463.650,462.850,461.350,458.950,457.050,455.050,453.550,451.950
488.004,818.120,818.440,820.120,819.440,819.340,819.540,820.120,819.950,819.440,819.640,818.450,820.540,820.350,819.730,819.450,820.240,821.220,821.120,820.640,821.640,820.940,821.950,819.550,821.030,821.640,822.250,821.640,820.950,822.400,821.150,822.240,821.240,821.550,821.630,820.340,820.377,820.414,820.451,820.488,820.526,820.563,820.600,820.637,820.674,820.711,820.748,820.785,820.822,820.859,820.897,820.934,820.971,821.008,821.045,821.082,821.119,821.156,821.193,821.231,821.268,821.305,821.342,821.379,821.416,821.453,821.490,821.527,821.564,821.602,821.639,821.676,821.713,821.750,822.740,822.350,822.450,822.730,823.030,823.220,822.640,822.750,822.020,821.740,820.640,820.730,820.110,819.740,818.340,818.150,817.010,816.440,816.250,814.940,813.050,813.750,812.050,811.430,810.540,809.640,807.640,807.820,806.740,805.650,804.150,803.450,802.350,801.450,800.330,799.040,798.350,797.440,796.550,796.050,794.950,794.590,793.840,793.850,792.550,792.120,791.950,791.540,790.120,790.850,789.840,789.040,788.240,787.750,787.930,787.340,785.820,785.130,784.340,783.740,783.800,782.330,781.130,780.750,779.513,778.276,777.039,775.803,774.566,773.329,772.092,770.855,769.618,768.382,767.145,765.908,764.671,763.434,762.197,760.961,759.724,758.487,757.250,756.013,754.776,753.539,752.303,751.066,749.829,748.592,747.355,746.118,744.882,743.645,742.408,741.171,739.934,738.697,737.461,736.224,734.987,733.750,732.030,728.790,726.750,724.930,723.140,720.440,719.330,717.520,716.810,715.840,714.550,713.130,711.630,709.930,708.100,706.290,703.420,701.590,700.160,696.650,694.240,692.320,690.410,687.040,686.410,682.990,680.240,679.040,678.340,674.040,671.400,668.810,666.710,664.520,661.110,658.790,655.720,654.900,651.000,648.810,647.130,644.370,641.300,638.970,636.440,634.020,630.950,628.140,626.400,623.740,621.630,620.580,618.830,616.700,612.980,611.550,608.050,606.240,604.740,600.930,598.530,597.250,594.670,591.730,591.230,589.110,584.550,582.400,579.750,576.940,573.700,567.780,563.840,559.250,556.050,553.460,550.140,547.780,542.820,538.630,534.830,532.350,528.540,524.810,519.240,519.070,516.880,512.740,508.040,503.380,499.740,499.340,494.540,492.210,488.950,486.960,485.600,484.550,484.050,483.600,486.080,489.240,491.470,489.240,487.950,485.900,484.900,483.030,480.430,479.340,476.150,473.950,472.220
500.021,833.230,834.530,834.330,834.350,835.450,835.250,836.550,836.340,836.250,836.850,836.740,837.230,837.230,838.550,838.250,838.840,839.040,838.850,838.940,840.240,840.040,840.150,841.550,840.640,840.640,841.140,840.650,840.240,841.940,841.330,842.510,842.330,841.940,842.040,841.240,841.253,841.267,841.280,841.294,841.307,841.321,841.334,841.347,841.361,841.374,841.388,841.401,841.414,841.428,841.441,841.455,841.468,841.482,841.495,841.508,841.522,841.535,841.549,841.562,841.576,841.589,841.602,841.616,841.629,841.643,841.656,841.669,841.683,841.696,841.710,841.723,841.737,841.750,842.240,843.320,843.940,843.450,843.840,844.120,842.750,843.410,842.240,842.610,842.040,841.740,840.640,840.740,838.640,838.540,837.440,837.550,836.250,835.840,834.150,834.150,833.250,832.250,831.350,829.940,829.640,828.950,827.150,827.330,826.040,824.750,824.350,823.940,822.550,821.140,821.350,820.820,820.140,818.850,818.440,818.330,817.650,817.530,816.350,816.520,815.750,816.340,815.030,814.950,813.530,813.440,813.030,812.730,812.130,811.440,810.740,810.540,809.950,809.340,809.140,807.930,807.400,806.040,804.792,803.543,802.295,801.046,799.798,798.549,797.301,796.053,794.804,793.556,792.307,791.059,789.811,788.562,787.314,786.065,784.817,783.568,782.320,781.072,779.823,778.575,777.326,776.078,774.829,773.581,772.333,771.084,769.836,768.587,767.339,766.091,764.842,763.594,762.345,761.097,759.848,758.600,757.750,753.040,754.830,750.750,751.130,750.650,747.010,744.630,743.660,742.730,740.240,738.420,736.240,731.950,731.430,730.440,726.540,725.730,723.560,721.440,719.740,717.830,715.070,711.720,710.250,708.010,706.240,703.100,701.820,698.930,696.650,694.740,692.550,690.740,688.250,686.940,684.440,682.150,679.280,676.220,673.620,671.320,668.840,666.620,664.510,661.930,659.110,656.570,653.700,650.610,648.730,647.040,644.730,642.280,639.580,637.640,635.150,633.620,630.730,629.570,625.510,623.620,621.090,618.010,615.670,612.920,611.350,606.490,602.590,598.830,596.610,592.240,590.010,586.530,582.900,578.680,573.890,570.040,565.980,561.910,556.970,554.010,551.530,545.830,542.620,540.220,535.640,530.240,527.430,523.840,519.900,516.730,515.360,511.700,508.650,506.440,504.520,504.820,503.810,501.540,505.990,506.850,509.860,507.620,507.150,504.430,502.650,500.740,498.250,495.940,493.840,491.850,489.140
512.006,852.270,851.330,853.190,852.810,853.790,853.830,853.550,854.770,855.050,854.710,855.030,855.430,855.630,856.150,855.450,856.950,856.090,857.350,857.250,857.150,858.250,857.650,858.830,859.010,859.430,859.530,859.650,859.030,858.830,859.030,859.430,860.250,859.830,858.570,859.730,859.833,859.936,860.039,860.143,860.246,860.349,860.452,860.555,860.658,860.762,860.865,860.968,861.071,861.174,861.277,861.381,861.484,861.587,861.690,861.793,861.896,861.999,862.103,862.206,862.309,862.412,862.515,862.618,862.722,862.825,862.928,863.031,863.134,863.237,863.341,863.444,863.547,863.650,864.150,863.870,865.610,865.150,864.950,864.830,863.410,863.830,862.710,862.550,862.250,862.550,861.430,861.350,859.590,859.510,858.930,857.950,856.850,856.830,856.730,855.050,854.050,853.030,851.750,850.750,851.030,849.630,849.130,847.850,846.830,846.150,845.050,844.530,843.250,842.730,842.110,841.050,840.030,839.110,837.950,838.630,837.630,836.130,836.730,837.130,834.750,835.150,834.150,834.090,833.530,833.250,832.450,831.750,831.510,831.110,829.550,829.870,828.750,828.350,827.450,827.310,825.530,824.319,823.109,821.898,820.688,819.477,818.267,817.056,815.846,814.635,813.425,812.214,811.004,809.793,808.583,807.372,806.162,804.951,803.741,802.530,801.319,800.109,798.898,797.688,796.477,795.267,794.056,792.846,791.635,790.425,789.214,788.004,786.793,785.583,784.372,783.162,781.951,780.741,779.530,778.470,775.610,773.850,771.650,769.930,768.130,765.630,765.290,765.010,762.190,760.150,760.050,758.210,757.610,754.570,752.870,751.430,748.150,746.030,743.010,740.970,740.350,737.270,734.710,731.210,730.110,728.150,725.190,722.630,720.130,719.930,717.650,714.910,712.370,711.070,709.570,706.290,702.910,701.390,698.330,697.050,694.110,691.770,690.490,687.470,685.250,681.870,680.510,678.630,676.090,673.250,671.530,668.650,665.390,662.630,660.450,657.910,654.070,652.570,649.950,647.710,644.990,642.210,641.410,636.890,635.030,631.590,628.910,625.630,621.450,619.170,614.430,608.390,604.010,601.170,597.710,591.690,589.710,584.850,580.810,577.030,574.210,569.890,566.410,560.430,556.730,553.170,550.630,547.530,542.130,539.710,536.010,531.950,529.390,526.890,524.150,521.850,519.770,519.270,517.750,520.510,527.170,530.550,529.550,528.610,526.630,523.890,522.210,520.110,517.630,515.550,512.430,510.550,507.730
524.007,863.890,865.050,865.460,865.320,866.320,866.420,867.950,867.350,867.550,867.990,869.120,868.850,869.020,869.690,870.950,870.350,870.520,871.090,872.260,872.750,872.450,873.650,872.890,873.420,873.850,874.250,874.450,874.590,874.650,874.850,874.790,875.690,875.220,875.247,875.273,875.300,875.326,875.353,875.379,875.406,875.433,875.459,875.486,875.512,875.539,875.566,875.592,875.619,875.645,875.672,875.698,875.725,875.752,875.778,875.805,875.831,875.858,875.884,875.911,875.938,875.964,875.991,876.017,876.044,876.071,876.097,876.124,876.150,876.177,876.203,876.230,877.250,877.750,878.990,879.140,879.050,880.090,879.620,880.450,878.150,878.220,877.750,877.190,876.760,876.150,875.950,875.550,874.450,873.250,873.420,873.090,872.260,872.060,871.050,869.150,869.290,867.820,867.450,866.420,866.050,865.220,864.420,863.950,863.420,862.050,862.050,860.550,859.750,859.820,858.390,858.420,857.550,856.320,855.390,855.650,855.620,854.420,855.390,854.600,853.890,853.650,852.350,853.550,852.320,851.350,852.120,850.950,851.620,850.120,849.920,848.720,848.560,848.120,847.890,846.820,845.860,844.691,843.522,842.353,841.184,840.015,838.846,837.677,836.508,835.339,834.171,833.002,831.833,830.664,829.495,828.326,827.157,825.988,824.819,823.650,822.481,821.312,820.143,818.974,817.805,816.636,815.467,814.298,813.129,811.961,810.792,809.623,808.454,807.285,806.116,804.947,803.778,802.609,801.440,800.130,797.950,795.890,793.190,792.400,790.620,790.050,786.460,786.460,783.930,781.290,779.090,777.350,774.260,772.620,771.010,768.190,767.860,766.420,761.720,759.950,758.120,756.520,754.220,751.200,749.220,747.370,745.090,743.100,740.670,738.860,734.850,732.770,731.530,728.860,725.890,723.750,721.520,720.620,717.240,715.220,713.700,711.360,709.820,707.390,705.550,702.920,700.420,698.590,697.250,694.990,692.790,690.690,688.520,685.620,683.460,681.120,678.450,676.160,673.620,670.910,668.950,666.490,662.520,660.190,656.720,653.390,651.840,646.960,643.300,639.270,633.950,631.470,627.020,623.310,619.800,615.390,611.220,607.000,602.200,598.560,593.450,589.650,586.750,583.580,579.020,574.020,569.990,566.220,562.490,559.020,556.490,552.880,549.950,546.690,543.720,541.320,539.260,538.240,537.760,541.070,545.240,544.200,543.790,541.590,540.130,537.550,533.850,532.050,530.090,526.750,525.150,522.050,519.750
536.024,879.120,878.590,880.960,880.190,881.390,881.300,880.950,881.050,882.250,884.120,884.150,883.120,883.020,884.320,884.490,885.750,885.720,885.890,885.850,886.590,887.830,887.050,887.120,887.650,888.420,888.550,888.690,889.550,889.320,889.220,889.720,890.200,888.890,888.860,889.007,889.154,889.301,889.448,889.596,889.743,889.890,890.037,890.184,890.331,890.478,890.625,890.772,890.919,891.067,891.214,891.361,891.508,891.655,891.802,891.949,892.096,892.243,892.391,892.538,892.685,892.832,892.979,893.126,893.273,893.420,893.567,893.714,893.862,894.009,894.156,894.303,894.450,896.960,896.030,897.150,897.790,897.520,896.620,897.050,897.150,896.290,894.750,895.120,894.050,893.920,892.990,892.250,893.190,891.620,890.320,889.350,889.650,888.320,887.750,886.790,885.720,885.120,884.490,884.290,882.320,881.290,880.920,880.190,879.120,878.990,877.890,876.290,875.950,874.650,874.850,873.820,874.390,871.950,873.090,872.290,871.730,870.820,871.520,870.650,870.120,869.750,869.750,869.490,867.360,867.450,866.950,865.850,864.820,865.120,864.090,863.920,863.150,863.850,861.320,861.050,858.760,857.583,856.406,855.229,854.052,852.874,851.697,850.520,849.343,848.166,846.989,845.812,844.635,843.458,842.281,841.103,839.926,838.749,837.572,836.395,835.218,834.041,832.864,831.687,830.509,829.332,828.155,826.978,825.801,824.624,823.447,822.270,821.093,819.916,818.738,817.561,816.384,815.207,814.030,813.360,810.920,809.870,806.850,806.100,804.250,802.440,801.720,801.530,799.190,797.290,796.650,795.140,792.030,790.660,789.030,787.600,784.150,782.350,779.690,777.420,776.130,772.830,771.010,767.600,765.830,764.920,761.830,761.160,757.160,754.580,754.050,751.180,747.460,746.350,743.190,740.750,739.420,736.490,733.520,730.090,728.960,726.390,724.790,721.030,719.780,718.560,714.760,713.560,710.250,710.290,707.870,705.460,702.390,701.410,698.720,696.210,693.320,692.110,689.520,687.010,684.980,680.190,677.550,675.220,673.190,668.070,664.730,661.020,657.190,651.790,647.780,642.120,639.150,634.620,629.620,624.970,622.210,617.230,613.030,610.360,605.060,601.620,599.320,594.210,590.130,584.050,580.450,577.050,573.500,571.760,567.920,564.800,559.920,557.670,555.320,554.490,550.320,548.820,558.160,562.030,564.600,562.990,561.670,559.220,557.790,555.190,552.250,549.920,547.590,544.450,542.620,539.490,536.550
548.023,890.750,890.400,891.800,892.000,892.600,892.950,894.100,894.850,893.500,893.850,896.450,896.250,897.500,896.650,896.600,898.450,898.850,898.350,899.350,899.750,899.950,900.400,900.800,900.250,901.300,900.850,901.900,902.200,902.050,902.850,903.000,901.500,902.000,902.192,902.384,902.576,902.768,902.961,903.153,903.345,903.537,903.729,903.921,904.113,904.305,904.497,904.689,904.882,905.074,905.266,905.458,905.650,905.842,906.034,906.226,906.418,906.611,906.803,906.995,907.187,907.379,907.571,907.763,907.955,908.147,908.339,908.532,908.724,908.916,909.108,909.300,909.950,909.550,909.950,910.150,909.050,910.350,909.000,910.150,908.250,908.650,908.600,907.550,906.850,907.400,906.850,905.150,905.200,904.550,903.600,903.450,902.800,901.600,900.600,900.250,898.650,898.750,898.250,896.850,896.400,895.700,894.850,894.500,892.650,892.500,891.550,891.050,890.750,890.100,888.950,888.650,888.650,886.600,887.250,886.650,887.300,886.100,886.050,885.350,884.500,884.000,882.650,882.400,882.600,882.350,881.400,879.550,879.650,879.750,878.250,878.300,877.850,877.950,876.850,875.050,873.961,872.871,871.782,870.692,869.603,868.513,867.424,866.334,865.245,864.155,863.066,861.976,860.887,859.797,858.708,857.618,856.529,855.439,854.350,853.261,852.171,851.082,849.992,848.903,847.813,846.724,845.634,844.545,843.455,842.366,841.276,840.187,839.097,838.008,836.918,835.829,834.739,833.650,829.500,827.650,828.100,826.450,824.100,823.150,820.550,819.350,818.800,818.200,813.750,811.800,810.950,809.450,807.400,805.550,803.100,802.050,799.300,797.900,794.600,792.950,790.150,787.650,785.250,782.400,782.400,778.850,776.250,773.350,771.800,769.550,767.100,766.150,762.900,761.950,758.900,756.250,754.050,752.800,749.250,747.450,745.050,743.200,740.700,738.950,736.250,733.400,732.950,728.250,728.050,726.050,723.100,721.300,719.000,716.750,715.100,712.200,710.550,708.650,706.300,703.600,700.100,699.100,695.250,693.000,689.250,685.200,682.300,677.000,673.850,669.700,666.300,662.900,659.500,651.950,647.100,643.900,639.000,635.050,630.700,627.150,623.150,620.400,616.450,612.350,607.300,602.500,599.000,595.100,590.650,588.500,584.450,580.700,577.150,573.500,571.300,568.550,567.950,566.500,574.500,578.700,577.950,578.700,576.600,574.500,572.200,570.150,567.350,564.650,561.400,559.600,556.150,553.100,550.850
560.009,902.710,903.450,902.650,903.110,903.650,904.210,905.650,905.250,905.950,907.150,907.050,906.710,908.270,908.750,908.710,910.350,910.110,910.910,909.950,910.450,910.910,912.410,911.350,911.850,913.050,913.130,913.110,913.950,913.650,913.870,914.170,914.291,914.411,914.532,914.652,914.773,914.893,915.014,915.134,915.255,915.375,915.496,915.616,915.737,915.857,915.978,916.098,916.219,916.339,916.460,916.581,916.701,916.822,916.942,917.063,917.183,917.304,917.424,917.545,917.665,917.786,917.906,918.027,918.147,918.268,918.388,918.509,918.629,918.750,920.350,920.810,921.170,919.770,920.750,921.250,921.010,921.450,920.350,921.650,920.730,920.250,918.650,918.450,918.370,917.550,916.750,916.150,916.010,916.110,914.950,913.850,913.810,912.750,912.670,911.650,911.050,909.810,908.970,909.110,908.150,907.110,906.310,906.010,904.650,904.350,903.750,903.350,902.250,902.310,902.050,901.310,900.010,900.650,899.810,898.930,899.150,899.730,898.210,898.670,898.210,897.210,895.830,896.770,896.170,895.310,895.090,894.350,894.650,893.050,893.250,893.270,892.410,890.850,889.250,888.162,887.074,885.986,884.898,883.811,882.723,881.635,880.547,879.459,878.371,877.283,876.195,875.107,874.019,872.932,871.844,870.756,869.668,868.580,867.492,866.404,865.316,864.228,863.141,862.053,860.965,859.877,858.789,857.701,856.613,855.525,854.437,853.349,852.262,851.174,850.086,848.998,847.910,847.370,844.650,843.710,841.590,840.110,837.810,835.070,834.550,832.110,830.550,829.510,827.170,825.510,823.350,822.550,819.350,817.970,816.050,813.830,812.090,810.170,806.850,806.070,802.830,800.870,799.870,796.830,795.010,793.030,789.810,787.810,786.470,784.870,782.410,779.810,776.650,774.550,772.270,770.570,768.970,765.850,763.570,761.070,759.530,757.490,755.230,753.570,750.570,747.510,746.270,745.270,741.810,739.730,737.730,735.950,733.710,729.950,727.850,726.370,722.690,721.050,719.510,717.170,714.730,712.010,708.610,706.970,702.830,699.210,695.610,690.730,688.490,685.070,680.830,676.610,672.170,667.250,663.230,657.850,652.670,647.690,644.650,641.470,637.390,631.990,628.470,623.310,620.550,616.010,612.150,609.170,605.410,601.250,598.630,595.010,592.050,588.550,586.850,583.330,581.370,589.090,592.310,593.230,591.830,590.710,587.310,585.350,583.150,579.650,577.050,575.390,571.810,568.870,565.850,563.010,560.050
